x_0,y
34.12406094031859,-0.10236990316694648
53.75852376126107,-0.10662728475399923
70.4826137348134,-0.10918538106514228
184.26588485153832,-0.11837485853271507
136.26843783670066,-0.11547144305467692
159.06552141168632,-0.11695788960346346
121.69395338207931,-0.1143871375970685
183.67750734378606,-0.11834400498412792
91.86193897541959,-0.11170154386630342
102.89329588172338,-0.11278276923586202
28.88681216271456,-0.10082074761762304
139.13046501713038,-0.11567093137118688
148.04097088592022,-0.11626716896903441
162.9418330861964,-0.11718962351095194
134.15522229761046,-0.11532149084926252
1.3216042673557027,-0.07351680244392925
93.53012929662354,-0.11187296612450423
11.223388905376686,-0.09215946695792851
165.39316903336524,-0.11733339060296681
125.16469444045816,-0.11465648344084935
160.69768060065377,-0.1170561322484719
118.47027949559647,-0.11413012652840604
175.28153719955947,-0.1178928278986998
94.35535289062852,-0.11195666084884384
87.85217199183393,-0.11127669167545343
110.73266004181215,-0.1134841067036789
188.78893078769087,-0.11860885642556745
153.0392264063521,-0.11658637390297716
66.83764361293696,-0.1086827178863527
132.64537480262254,-0.11521292633668016
116.18779783366928,-0.11394397007855449
140.5103850407156,-0.11576567916052637
148.34998274386587,-0.11628720824281223
109.4687894908977,-0.11337439515910812
179.75646891939044,-0.11813587762838891
146.42092212824588,-0.11616143279360075
56.49962410943399,-0.10709582932651536
185.15922452381503,-0.11842151918798874
83.21135105170023,-0.11076058509152667
35.591428395951574,-0.10276236175936067
182.25391430928153,-0.11826895045755846
139.38827731469766,-0.11568870310221549
180.04666134470898,-0.11815143309127035
91.94062049968232,-0.11170969744007125
61.69809743556165,-0.107926354843314
124.98072107161123,-0.11464239123857599
67.07523457001612,-0.10871629125958229
101.68548024081218,-0.11267007787239344
64.97414763962021,-0.10841526801452829
44.720841610692744,-0.10489770617863063
158.37503787541684,-0.11691602975940596
161.59922674848693,-0.11710997858413558
140.74626740825144,-0.11578178379506325
6.399593998434905,-0.08712605374500895
104.58456673729661,-0.11293840722547974
52.58187122000238,-0.10641894725985397
155.2497294816216,-0.1167242914495476
72.22606543998542,-0.10941688205695312
12.195770318210775,-0.0929114353368257
32.31257608384928,-0.10186204575603
31.207833265963103,-0.10153851138931451
148.75746660706957,-0.11631357081015782
169.5511652142803,-0.11757253036515333
58.26450420594773,-0.10738588200254773
51.87600857646266,-0.10629176925085292
157.14929137260089,-0.11684127667517531
103.05260827500855,-0.11279753645202319
55.58546922207825,-0.10694208833820792
162.67617483994837,-0.11717391564695435
163.67988440737292,-0.11723313140223937
93.63962384110913,-0.1118841126842926
84.67542027064592,-0.11092638688878106
170.28775148352017,-0.11761429229375829
9.68993535987619,-0.09083451882028845
167.03649837902188,-0.11742860207585441
39.89940877811837,-0.10382942546424212
197.08603352236997,-0.11902412524673993
75.58083295130662,-0.10984734131358553
172.49047555027923,-0.11773812849435257
122.81575289570337,-0.11447501003769082
94.56798408737966,-0.11197810980055109
18.35364227306997,-0.09663719592400648
198.24080248046624,-0.11908055437149596
196.81049932033113,-0.11901061292465209
47.28188355947327,-0.10542021990200033
14.844823937696061,-0.09469770658315793
94.70293500905392,-0.11199169832838449
29.040232228648534,-0.10086989851876138
50.12457290722156,-0.10596875115778454
82.28997470110887,-0.11065477023247017
132.17424148474515,-0.11517880143802499
89.46922895308975,-0.11145026778100241
177.2101694377325,-0.11799831796628465
119.93720794763296,-0.11424791908238992
64.12798867582603,-0.10829133947278746
143.67299734024962,-0.11597942852303363
173.25287136524946,-0.11778062837840722
181.68786499207638,-0.1182389470631113
101.56072797125073,-0.1126583635751339
191.5368635295097,-0.11874834365285593
107.00823061577398,-0.11315719377197721
50.6394283873266,-0.10606483672589799
141.9124277088698,-0.11586101492082897
71.49512726894835,-0.10932049904802232
158.47608385630014,-0.1169221667500986
196.90218108632834,-0.1190151111032137
49.117726725147115,-0.10577802701139805
39.941158626552365,-0.10383920610566877
112.98659711948984,-0.11367674833593226
60.66252993199159,-0.10776651308489119
113.3170550326872,-0.11370467492577635
122.50345769773854,-0.11445062678895844
130.14434358238606,-0.11503039440803942
180.9048129572869,-0.11819728967405994
100.10968647805629,-0.11252106409273976
26.556010077852065,-0.10004100141191616
198.4099720796821,-0.1190887938931559
29.28434543046672,-0.10094758522102514
4.457278517643104,-0.08393430081334154
147.66146812442642,-0.11624250212214603
156.93256315246342,-0.11682799978462405
123.59490174996036,-0.11453557984468768
43.47070075477788,-0.10463193436144944
120.65324388766837,-0.11430490348219757
91.52259293534534,-0.11166629967316229
141.43768361113874,-0.11582883733401828
117.19558688535743,-0.11402660248606653
136.98903243302686,-0.11552205446181817
114.42512047840611,-0.1137977366054087
178.68850876703556,-0.11807841744170672
135.73710992599393,-0.11543395635498867
36.26291369579442,-0.10293671759219304
12.376354380904697,-0.09304465330764097
177.96120543266383,-0.11803909235649857
181.3721513032955,-0.11822217275671866
167.68378887448262,-0.11746585250370173
25.821834531069943,-0.09978152658189311
183.99530034439653,-0.11836068156894682
53.091268543721526,-0.10650969472796758
30.80793098939816,-0.10141863615211487
161.17172228887324,-0.11708448205801698
140.61500710315676,-0.11577282540087774
110.54992705809529,-0.11346832056236421
1.916464945254237,-0.0766480507971415
3.1693328325857584,-0.08096234018010931
34.61426352714834,-0.10250281296127059
31.964534298515133,-0.10176129766397549
78.70774985622029,-0.11023203950052268
20.31150359251035,-0.09756774900985479
188.04958924569848,-0.11857098614236396
195.54043873421918,-0.11894808719810712
69.26815660695934,-0.10902078514442495
180.2299917247464,-0.1181612476316559
151.50905747081177,-0.11648975306397663
140.33015526659568,-0.11575335625417611
79.71380292133298,-0.11035263456817346
99.2905957248347,-0.11244269656183195
70.07945676709552,-0.1091310509253803
10.536306357737658,-0.09158900410532385
157.82233475822497,-0.11688239333972825
30.89125084063886,-0.10144373685625574
39.38281652921465,-0.10370757091037347
78.92719533536139,-0.11025847254098105
122.14955260848703,-0.11442292091105584
72.377005053744,-0.10943666626717635
199.27373994451486,-0.11913075694136199
150.2593841528719,-0.11641013025061799
39.928662488123166,-0.10383627971100025
113.98150501168314,-0.11376058579514593
15.58082632546476,-0.09513901276702474
17.804752904891295,-0.09635894796491498
162.79046754805256,-0.11718067664224831
129.38138890223678,-0.11497402620755984
196.95397010355663,-0.11901765111566293
53.02462670071384,-0.1064978712168714
71.96723245789427,-0.1093828614580612
94.84447893639879,-0.1120059303441547
62.360523114111174,-0.10802723077769202
79.36456146521678,-0.11031094094552928
55.361803873495695,-0.10690409626594533
169.08323197493303,-0.11754590746239924
59.73767705909185,-0.1076214875312196
115.13774472279499,-0.11385712094496925
117.79133802344658,-0.11407512313997337
174.85191111951227,-0.11786917342449776
87.81016973907437,-0.11127214152464592
173.73565058181563,-0.11780744607050954
156.9266542323429,-0.11682763754877683
83.75875314094226,-0.11082290893836999
112.23994270135185,-0.11361335334002891
149.60113458056682,-0.11636792807904432
166.99393525389112,-0.11742614767642168
42.059909616394606,-0.10432289188142342
9.979451741524548,-0.09109955307249408
50.70512715453188,-0.10607702908631889
177.01176104445472,-0.11798751784884046
106.13724191065191,-0.1130791333307929
174.1692598875308,-0.11783147010416906
72.53085292919725,-0.10945679014932057
193.03521147091004,-0.11882357456449741
37.81824248168735,-0.10332876283607542
10.455907537469301,-0.09151990821051559
183.68838599304246,-0.11834457632340309
131.9881605805776,-0.1151652904173517
14.19245245637013,-0.09428840132511361
46.54828753930735,-0.1052734311455583
175.68655399826204,-0.117915075319212
63.04229948072981,-0.1081299645951699
106.16061832205723,-0.11308123658100142
46.790251705139994,-0.10532209521957794
157.7927349977811,-0.11688058869434469
112.47548409667996,-0.1136333966283787
41.96843784854296,-0.1043025064240071
35.20271921899489,-0.10265995794197051
58.60723535846943,-0.10744121111594386
114.74266977002227,-0.11382424327677118
146.10563790309098,-0.11614072157694501
134.5723549180907,-0.11535127306834649
192.14342512606308,-0.11877886809954499
158.0892411128484,-0.11689865115376775
58.01257404994025,-0.10734500806021051
104.2375931610211,-0.11290667944452587
146.57844474240727,-0.11617176415334664
172.74143449543968,-0.11775213858587599
100.49234658471866,-0.1125574603844458
20.802043152000294,-0.09778720884532388
176.22555202397072,-0.11794460424798486
14.595317401890707,-0.09454326564060979
198.8853803973595,-0.11911191206135664
91.2444152994494,-0.11163731272789329
95.71317990525161,-0.11209282350051908
199.30212124604364,-0.11913213270853797
58.45362201628075,-0.10741645164780105
101.25937799978755,-0.11263000836906283
109.6606003226182,-0.11339112520357038
150.68034763223636,-0.11643702429370426
3.1022047549048803,-0.08077701694088658
151.98722337374573,-0.11652004887669584
106.5854422776614,-0.11311938042845675
96.51225082529993,-0.11217207192606321
199.2691281621266,-0.11913053336968556
197.65050094979682,-0.11905174909211
96.67107128979208,-0.11218774641430629
50.78898917884893,-0.10609256976425714
176.66573299945517,-0.11796865374278064
162.98195318672563,-0.11719199354905191
87.56586927351755,-0.11124563383443106
15.704911778595276,-0.0952114131569689
139.0843953140494,-0.11566775225192057
110.72809210539305,-0.11348371239514002
186.3127663963037,-0.11848144442750763
38.3456966182792,-0.10345814992084383
188.44820938350654,-0.11859142226033137
3.5543411203631914,-0.08195735307623629
28.786881746374405,-0.1007885960596265
68.64733477348683,-0.10893555058175075
187.70034661816842,-0.11855304644640155
116.88345301447917,-0.11400108421395458
143.40843771104463,-0.11596172584529095
157.8973138527774,-0.11688696319622141
24.59491721783291,-0.09933142511495478
189.92033933140556,-0.11866652774032152
32.55065824045196,-0.10193035589658452
83.62195422362907,-0.1108073713323976
60.79013745265134,-0.10778635312549677
181.2913306125309,-0.11821787402835839
163.91723741499197,-0.11724708234178034
86.41745364730549,-0.11112004667513824
8.121938617370983,-0.08925053414114523
54.91960495169761,-0.10682854008753237
28.145249398392135,-0.10057952878064222
88.23260903495512,-0.11131780802314495
89.3327821511607,-0.11143574071891194
194.59575388186397,-0.11890132044537326
16.57401738167401,-0.09570345507424251
131.63750715109094,-0.1151397791768985
179.86444823008853,-0.11814166862777017
147.6250092749239,-0.11624012910036696
41.66356496336034,-0.10423424756055646
165.84990950207617,-0.11735994623066048
165.1648528144658,-0.11732008891098962
17.38055215573975,-0.09613813398243044
8.198618101399525,-0.08933463257731647
48.561757171205876,-0.10567106719051747
105.17697999363686,-0.11299234057653491
68.27329841196526,-0.10888383299735724
63.32778294253121,-0.10817266029570075
183.20054733883325,-0.1183189226213154
191.22324056245958,-0.11873252368905454
198.55044521664084,-0.11909563048742651
175.12518986571214,-0.1178842262831005
117.29846032280263,-0.11403499822079666
164.63237647555417,-0.11728899654518155
130.08915957185957,-0.11502632822736605
147.42279449994948,-0.1162269569543804
35.38503617771214,-0.10270812525056476
17.006119904574103,-0.09593882887333319
116.27574700383157,-0.11395120930879535
102.04171847227717,-0.11270345140692076
86.27884241416437,-0.11110477812002435
9.725444214495926,-0.09086743476539362
113.10626455383199,-0.11368687052489429
153.11119085673747,-0.11659089462810875
149.6498585467081,-0.11637105814818624
84.89588168038587,-0.11095110994130242
8.526948061008355,-0.0896863250479153
62.06304324841536,-0.10798206008670014
169.73500696943643,-0.11758297023321636
76.46398323978616,-0.10995754999201819
11.597917836512096,-0.09245631971949463
197.95135754486753,-0.11906644071363547
198.59237178541824,-0.11909767006255882
7.8643863958649085,-0.08896232676237781
168.53955461654874,-0.11751488406537228
43.06247582042013,-0.10454352929666744
160.5138757432716,-0.11704511779147415
32.822124678800876,-0.10200765249932424
74.41071046862777,-0.1096993629335612
169.58092409897074,-0.11757422104460698
50.486530516542416,-0.10603640201172719
132.8412929520988,-0.11522708197639597
135.32060533467782,-0.11540446992111865
91.29909760539611,-0.1116430176210491
75.4744370025736,-0.10983397910064548
185.2119456126546,-0.11842426598228972
32.07683206316341,-0.10179392106273409
184.66265113001305,-0.11839560969368756
197.17286626804486,-0.11902837971594632
6.68166425717629,-0.08750930014001453
79.02870151910628,-0.11027067500796257
4.171089620586832,-0.08335307223749269
191.95386111754627,-0.11876933871684137
26.913941602066792,-0.1001649786966396
5.660656598000879,-0.08603889996664908
37.13109988096508,-0.10315753571156393
1.4271129240399638,-0.0741599182601585
116.26058038162253,-0.11394996130436942
7.8286349825940516,-0.08892159984468173
65.91674129154596,-0.10855147437521583
49.49737161068939,-0.10585038704530601
41.550612384001575,-0.10420883438552732
184.6807250835688,-0.1183965539306373
1.6268154407183877,-0.07526142575858771
95.00765045703452,-0.11202231117018836
94.63010180636348,-0.11198436693994579
65.01229075353376,-0.10842081719155207
160.4739240461243,-0.11704272205768913
58.64996065006582,-0.10744808631593028
23.818325669081663,-0.09903508272031107
181.30597272181183,-0.11821865295932081
113.301945209338,-0.11370339975706348
72.39274684828447,-0.10943872727557098
115.41115302930898,-0.11387980893148582
150.51173792898854,-0.11642626121446861
120.34505145060832,-0.11428041733676905
60.44113373519204,-0.10773199399567188
197.16858420360717,-0.1190281699545025
6.408660789566323,-0.08713862460507427
62.878387163136516,-0.10810536499304815
166.90953433128493,-0.11742127888541759
126.91111721994855,-0.1147892546190833
44.098545242326196,-0.1047663299775057
63.707548928345005,-0.10822916553541978
196.16375002887477,-0.11897882285322679
27.36193064873205,-0.10031790493441445
163.19909764616878,-0.11720481111389502
22.845621109352155,-0.09865033998522205
138.7175296896173,-0.11564239910181384
192.19054472503393,-0.11878123536781578
136.09034115592436,-0.11545889383625804
21.28661978311208,-0.09799911115983719
74.70342832951377,-0.10973659378867978
106.82109740027579,-0.11314047505668666
67.70552231146638,-0.10880479483273625
22.01314962448484,-0.09830818096663252
142.6268613380487,-0.11590923973731598
29.300303018714402,-0.10095264156577763
89.34501417572962,-0.11143704391102266
138.53696527170774,-0.11562989657325971
137.74551441073436,-0.11557490602833269
122.80845938081062,-0.11447444127193676
90.48269530160353,-0.11155749373980524
109.92307402440919,-0.11341397212849164
40.752640011280114,-0.10402735327913444
190.2956636793557,-0.1186855845900629
163.6699751502174,-0.11723254853202626
87.76642839566134,-0.11126740070879773
173.09758475580554,-0.11777198682182559
18.681863394372833,-0.09679973970876263
194.37475022494138,-0.11889034742026282
102.79773919431304,-0.11277390099654844
188.05035339242139,-0.1185710253587036
20.366662633621946,-0.09759268215584711
51.69856483107771,-0.10625953246055025
25.753213931200357,-0.09975690828781703
181.8686736911528,-0.11824854078527967
4.530573262642856,-0.08407736467091621
156.25531840692034,-0.11678639503170127
35.21779241179917,-0.10266394943006922
130.82036582959512,-0.11508006958106193
165.52998200152004,-0.11734135267965717
198.4465493634725,-0.11909057450687109
176.24531187271907,-0.11794568510136541
18.494788338810352,-0.09670743884508551
68.68355669676308,-0.10894054428947192
7.872027919287294,-0.08897100850672857
64.93323467032937,-0.10840931232597574
1.2332214385023965,-0.07293907130239617
185.7027029151216,-0.11844979787061237
197.70118924580947,-0.11905422587458604
25.468698423782634,-0.09965414919929852
40.806753745710964,-0.10403976946357527
185.97928324562756,-0.11846415789612227
23.716086984882566,-0.09899537004199425
44.480320283988675,-0.10484714145812242
15.859427487583332,-0.09530079570008022
79.76667293259464,-0.1103589307714983
152.50152018679805,-0.11655252958544164
156.0244009553179,-0.11677216872648227
59.142012853604584,-0.10752691440463104
107.04493380041986,-0.11316046951692842
191.7093102909352,-0.11875703147385643
182.19841007741755,-0.11826601251301229
139.33286145977743,-0.11568488585472828
190.25700251265403,-0.11868362330194694
53.72123273699203,-0.10662075072011967
179.20108806005592,-0.11810603808715153
130.04292027258975,-0.1150229198254207
9.939214760864012,-0.0910631678972575
25.882389851939624,-0.09980319849942736
164.42968828004695,-0.11727713520769445
193.26265844103642,-0.1188349442998546
184.5261096192302,-0.11838847342388119
34.376327364841956,-0.1024385317154642
124.66792700994284,-0.11461838469096937
129.17406569256244,-0.11495865249669159
82.39767204588064,-0.1106671983982386
116.05694313831513,-0.11393318927414942
164.95137961933227,-0.11730763562294752
33.50215014946063,-0.10219857648907649
57.59347791245724,-0.10727662641599141
186.31415824835986,-0.11848151651222048
63.67234872146565,-0.10822394198703182
89.25495326196837,-0.111427444780634
27.278270442938112,-0.10028953272878555
66.28287022392527,-0.10860386728075619
141.77073300564973,-0.11585142210099718
108.72094733116636,-0.11330889146302307
29.051956285606195,-0.1008736441160344
162.93707911331563,-0.1171893426387537
63.684229454900375,-0.10822570534891476
89.38928272327446,-0.11144175879303378
32.868214852996246,-0.1020207141349741
56.667923659159335,-0.10712386829524781
189.8504516512729,-0.11866297515121348
75.78913163808758,-0.10987344819516204
94.08706552358912,-0.11192952993879865
143.55755768530742,-0.11597170796153554
28.182263581447575,-0.10059171502206138
180.56732620729943,-0.11817928113215641
177.81089934118324,-0.11803094566037105
79.01931405350278,-0.11026954714727621
140.4949343465501,-0.11576462335370885
167.65200681521065,-0.11746402680247969
148.46850881962703,-0.11629488372922017
66.97678466872034,-0.10870239369839423
2.7182220724466966,-0.07963649332363298
6.88143517852049,-0.08777137807516752
17.700032099868146,-0.09630491578152227
96.25077160720488,-0.11214621056098846
37.977264669768715,-0.1033679562829691
91.05109818608925,-0.11161711745387101
11.759584504932551,-0.09258159421593043
70.36246091480784,-0.10916922094830742
157.94895298277098,-0.11689010927975436
64.01507688484651,-0.10827468152661682
38.24335288976681,-0.1034331809012676
178.0214449957947,-0.11804235548557356
106.2011586360061,-0.11308488304567343
149.33313218286932,-0.11635069345976971
178.80317161127235,-0.11808460287250326
11.13381248391272,-0.09208704528929469
196.99739639523978,-0.11901978046896522
20.067563895446327,-0.09745668684967071
25.491452751004395,-0.099662408468289
75.30820795476217,-0.10981306551440895
23.007053797312405,-0.09871528390153263
56.15615212640221,-0.10703835202659923
22.08695235305578,-0.0983390195747617
39.65610308028131,-0.10377222724264258
107.45919454711186,-0.11319736594435158
163.27024996617055,-0.11720900743667993
129.40024470101173,-0.11497542322859852
180.58821856616308,-0.11818039692386922
164.14124710750727,-0.11726023080903146
163.54767723480467,-0.117225352018131
81.95049866698709,-0.11061549051163054
76.97465482391625,-0.11002070951752857
8.16867854792067,-0.08930188725973982
157.87932136292534,-0.11688586677698985
574.6682947670406,-0.12944781009237932
480.5957780443479,-0.12769509536633694
494.092458952088,-0.12796635976299678
497.17433087106235,-0.12802727579722903
479.0187725608257,-0.12766291086940806
482.3614763366126,-0.1277310074848586
596.0686274700024,-0.12980681385471493
404.63835537956464,-0.12601252707916621
479.34209226889203,-0.12766951788225495
547.300091167393,-0.12896896808018787
571.5390566198326,-0.1293942126919802
420.6402071382163,-0.1263914944806919
546.4016788630465,-0.12895285163769557
430.379964192879,-0.12661526246492572
526.4622930845104,-0.12858827006679566
427.67630909538536,-0.12655365130816693
482.4273204555614,-0.127732344164471
455.11311691196545,-0.12716180294820142
437.790151337278,-0.1267821907447562
405.45840973488095,-0.1260323044289701
579.0784108959278,-0.12952285946651687
566.816672867969,-0.12931277736612745
433.8942176443502,-0.12669477785934322
566.5696435648074,-0.12930849905790878
535.1012471815853,-0.12874787285435513
518.9729646845817,-0.12844780189860458
583.9135618857897,-0.12960449658467407
520.6533596481871,-0.1284794921873724
424.0980705587,-0.12647151713537869
523.5346917046924,-0.12853359669913528
401.6287128498769,-0.1259396031118964
505.3201176726491,-0.128186509287838
536.1413108475778,-0.12876691614372532
536.4138004286035,-0.12877189933170288
598.6233035197614,-0.1298488176283563
519.2984075662494,-0.12845394726608703
421.45658575901103,-0.1264104456102555
587.7009602108428,-0.12966797886472556
511.10505819343166,-0.1282980632235489
556.3289961341909,-0.1291295020476859
557.5253319299823,-0.12915057981345487
429.9270181424576,-0.12660496733558582
440.6886420496743,-0.12684672801784097
560.8613389452328,-0.1292091207639152
570.594579648514,-0.12937797886107716
556.7597123520349,-0.12913709581248972
534.6468370841321,-0.12873954126341136
447.36646849967457,-0.12699383682949483
574.0102617136383,-0.12943656329053035
550.4289690977677,-0.12902489341276463
456.2272693276836,-0.12718572834018269
568.8552575313827,-0.1293480136133345
499.67731255546266,-0.12807647613591763
530.9447105843958,-0.12867140150606135
512.8382352750037,-0.12833124261266288
501.4520099936218,-0.12811121378315152
541.5968553488129,-0.12886621265028148
482.6126975367944,-0.12773610647713907
439.51565715270937,-0.12682066109471654
514.4925588244888,-0.1283628094601446
476.3397064176616,-0.12760799458356425
413.5004223422094,-0.12622419207757773
429.71999493755317,-0.12660025829056706
438.080375142518,-0.1267886717617675
458.4822860646851,-0.1272339769631165
505.84013608567363,-0.12819658845062382
527.209050062557,-0.12860216785846895
513.6234802208697,-0.12834623870535908
425.8105856010836,-0.1265109107398972
401.24314597179153,-0.125930221894521
536.4083304530538,-0.1287717993233875
428.67991320107245,-0.12657656622377794
558.8817921925702,-0.12917442484108446
546.6576970026981,-0.12895744695854014
580.858921630281,-0.12955299972715778
486.94965551260356,-0.12782372275329343
592.67184741756,-0.1297506883297925
549.1598642397976,-0.12900224742291636
472.0204300181282,-0.12751881223517555
404.9149972782206,-0.1260192032966534
552.0937707538793,-0.12905452226873199
514.359977125244,-0.1283602833051336
419.0630367270186,-0.12635477970717537
420.85104351346826,-0.12639639223288474
417.2650681762695,-0.12631275850997825
560.9251635060954,-0.1292102374187674
469.79159045602546,-0.12747247699315256
570.5996864105073,-0.12937806670823254
555.2187108082006,-0.12910990032808028
595.0588954367369,-0.12979016292603218
400.97858287129725,-0.12592377967628884
593.5546440928997,-0.12976530538144954
487.3173712070958,-0.12783111601311667
522.7009987492198,-0.1285179721976871
562.7842962742578,-0.1292427093504082
583.1235263971704,-0.1295912032457451
459.67877298404596,-0.12725948223345612
434.45057178730883,-0.12670730799288585
481.23567562503894,-0.12770812509950755
496.8688832934158,-0.12802125499298755
420.79078529443217,-0.12639499267468865
523.7258476288774,-0.12853717575381232
567.9613615047864,-0.12933257828404968
423.306188209482,-0.12645324813696115
509.2108886212901,-0.1282616747045965
453.7679003756612,-0.12713283860148042
581.5779687130002,-0.1295651458345557
540.7151595466803,-0.1288502319089743
565.2985382977104,-0.12928645560820462
486.2058869628917,-0.12780875176353063
596.1673101690883,-0.12980843968299585
537.3173366905174,-0.12878840501863298
479.5354579233207,-0.12767346719468797
417.69370262592713,-0.12632279251211798
427.89657658003284,-0.126558685129386
401.2160896784749,-0.12592956325504726
524.8126592485546,-0.12855749991379348
463.97047354606826,-0.12735043219090306
534.8982288714916,-0.12874415138456213
554.9230350027904,-0.1291046737496906
499.9660510165331,-0.1280821361360975
513.5935310803138,-0.12834566717119208
467.79226623295887,-0.12743072834900748
599.9247608581852,-0.12987014812748726
521.9079089372985,-0.12850308582319728
454.52427026307555,-0.12714913467739392
505.5889885682678,-0.1281917219057922
555.556505576029,-0.12911586807236283
439.99395215093864,-0.12683129838451795
558.2271917882774,-0.12916292484731998
522.9671748576096,-0.1285229633570672
488.0809863049761,-0.12784645163456015
595.7015727142424,-0.12980076418102388
508.3664236542299,-0.12824540881073992
418.5969972338867,-0.12634390475648702
438.2367911292986,-0.12679216294793566
432.16092045116625,-0.12665563899830934
426.8812888140437,-0.126535461253953
505.0472981915708,-0.12818121732188253
487.54327465629297,-0.1278356552808836
446.3750198358556,-0.1269721331506165
478.56601255060724,-0.12765365136027312
439.917529004314,-0.1268295994976553
415.1211198557465,-0.1262624173557894
451.13296780788505,-0.12707585879286734
451.17851132035963,-0.127076846444298
403.4827957318356,-0.12598459115799024
524.9599673790888,-0.12856025148679212
539.0888464897348,-0.128820687428381
511.27033439695924,-0.12830123200088914
466.56825521640985,-0.12740508240471476
548.4883782530312,-0.12899024449070748
525.5491078743885,-0.12857124845185566
538.2921889441127,-0.1288061828213883
439.2053823484294,-0.12681375447331786
569.4496637748703,-0.12935826426910602
504.898527689703,-0.12817833038537227
556.0659539284235,-0.1291248616152951
589.2177354372209,-0.12969328908948685
494.5100964197694,-0.12797463666384565
442.1251911284866,-0.12687855904184314
415.03509169627125,-0.1262603920211913
561.2861193518595,-0.12921655023306558
415.7034212806622,-0.12627611543335182
514.327680257794,-0.12835966783715846
500.28279975761257,-0.12808834150171564
468.21102751286236,-0.12743948720728332
450.62536735899255,-0.12706484436963086
507.4138100443694,-0.1282270277668305
513.4133365074879,-0.12834222773563225
470.6352244098214,-0.12749004070292974
473.0962963851282,-0.12754110122937318
551.8025576133394,-0.1290493458472616
414.31447956986085,-0.1262434106043107
560.8628457706709,-0.1292091471283136
503.8060459092059,-0.1281571047119038
577.7823692737562,-0.12950086268325603
467.13106837382156,-0.12741688290804337
459.6589524647803,-0.12725906025682437
550.3386808065153,-0.1290232840052745
495.1633920591833,-0.1279875701146112
483.17573503410534,-0.12774752485023308
415.7814387356624,-0.12627794928174385
576.084256081967,-0.12947196803649552
416.39295730616215,-0.12629231166679025
491.48461359547144,-0.12791451991146846
573.2316699645339,-0.1294232395135214
409.7078829003817,-0.1261341622132543
520.3018411492519,-0.12847287131068075
457.5517025571929,-0.12721409449504875
583.0145258739074,-0.12958936778030947
511.63964208103283,-0.12830830894646703
452.1355935264357,-0.12709757891688575
550.1127089007524,-0.1290192548672891
429.225038900466,-0.1265889907227008
414.78462203140543,-0.1262544929338239
431.317741529534,-0.12663654354895462
431.56751189150174,-0.12664220392405634
498.7778756996333,-0.12805882421613116
570.6584922949982,-0.1293790782384882
592.5603322087646,-0.1297488403702952
402.91890180514764,-0.1259709302542868
496.59929353413156,-0.12801593796398156
550.797200976032,-0.12903145452652032
596.3939435897156,-0.12981217253440755
506.4685415319559,-0.12820875477900895
490.7552979454515,-0.12789997372744127
581.9912268754266,-0.12957211986792264
427.3927222099903,-0.12654716667056412
469.7796813026292,-0.12747222883262616
525.5201517104842,-0.1285707082369087
455.98654853159263,-0.12718056396582328
508.92558509484763,-0.12825618222995908
533.333223907078,-0.1287154168799248
432.82977800077714,-0.12667076049461123
457.39118334686293,-0.12721066087601252
478.26698311672817,-0.1276475310963826
542.0729708136247,-0.12887483157871746
528.5563568980555,-0.12862719335595402
512.9079304657115,-0.12833257452112784
420.4310970167146,-0.1263866344390588
578.1013990748457,-0.12950628186014845
598.7288426390635,-0.12985054908720536
518.7748266763955,-0.1284440585789114
515.4704118450927,-0.12838142124779783
570.2359660562987,-0.129371808004898
465.25850722500013,-0.12737756649592313
583.5893657967014,-0.12959904372661718
431.0438706464679,-0.12663033328540066
594.8286718045142,-0.12978636253362708
598.898566760876,-0.12985333292404716
450.4274063571585,-0.1270605454978932
439.1396521858751,-0.12681229072282602
535.1337747052107,-0.12874846897751663
585.4323662186389,-0.1296300025994736
524.9421416254727,-0.12855991855950835
403.46471922662425,-0.12598415352824954
448.59233950198495,-0.12702060675348628
473.5063869513408,-0.12754958402583377
464.8619443476987,-0.12736922022056857
467.2676312567238,-0.12741974410865334
412.9880007240984,-0.12621207552920496
562.0290187681059,-0.1292295303253112
589.2406426045965,-0.12969367084535477
581.897728090698,-0.12957054243538335
444.5962566615432,-0.1269330750871151
410.67654076987407,-0.126157234723262
484.35246489144214,-0.12777134657038072
475.0780245757186,-0.1275820266909797
448.37913413147726,-0.12701595607172209
566.8217494114647,-0.12931286526765234
415.40884301501956,-0.12626918812989218
470.867182680352,-0.12749486442743554
422.94586509225275,-0.1264449242050671
442.91504145624026,-0.1268960171174626
506.1701312877862,-0.12820297922452542
409.225138202957,-0.12612264361353545
538.1867537829322,-0.1288042615951225
467.2869598654446,-0.1274201490058713
422.0623159704117,-0.126424483453553
551.7187117558765,-0.12904785495642618
593.0689594073391,-0.1297572662335094
515.425671484867,-0.12838057045072415
462.46953896451157,-0.12731871896605534
504.9594897314288,-0.1281795134736335
418.38336143703077,-0.1263389156127643
565.5581631927436,-0.1292909619823964
599.9161405433463,-0.1298700069933546
572.5741726925114,-0.12941197407323815
492.6966728150152,-0.12793864738870062
583.4812194918485,-0.129597224081065
539.2665639448098,-0.12882392021511044
413.974650656933,-0.12623539234237732
487.0341638146026,-0.12782542235697356
513.3479311609005,-0.12834097902687208
429.0975443908323,-0.12658608626324222
503.84162111936655,-0.12815779661229723
520.2977191110316,-0.1284727936456216
517.3080621033652,-0.12841630381387625
423.3549155167064,-0.12645437326493475
400.4574403216367,-0.12591107738376825
510.5299103267781,-0.12828702825111768
539.8300897193511,-0.12883416414098503
584.7241115848955,-0.12961811667115208
486.24246579127856,-0.12780948857050503
425.7248827939756,-0.1265089430020741
487.54627633324907,-0.12783571558213705
444.33868624382154,-0.12692740659419
578.1096172860655,-0.12950642141922036
500.68787629865903,-0.12809627163749876
513.3099194589014,-0.12834025324124182
437.37391619608644,-0.12677288835944422
445.34973361457673,-0.12694963869855908
533.6336023658263,-0.12872093846682098
536.9336756925197,-0.12878139969462288
545.236425064923,-0.12893190939546592
427.1681046692685,-0.12654202744448095
418.28283065727055,-0.12633656699830303
533.5080509976976,-0.1287186309419911
563.4278707247875,-0.129253925480136
534.8466609446858,-0.12874320588595875
545.9704264577874,-0.12894510619775656
521.4988204830253,-0.12849539846770594
537.2106337767302,-0.1287864572094472
529.5877243618335,-0.1286463079696431
451.61953138050035,-0.1270864052744253
532.9628480158136,-0.1287086043688398
403.15837708143005,-0.12597673408656743
454.2783729225906,-0.1271438397258023
580.6428528244454,-0.1295493470050116
571.0600296457328,-0.12938598240517346
414.48956594637434,-0.1262475392370111
428.22306094629886,-0.1265661416517968
440.5884170592476,-0.12684450341912917
403.6553640247944,-0.12598876804056017
542.2395323653932,-0.12887784501309096
552.9166214690226,-0.12906913420066468
534.4422296616037,-0.12873578751372672
505.67911085136865,-0.128193468500779
455.83316479172,-0.1271772719005436
423.4487303803177,-0.12645653911856425
588.1717255664298,-0.12967584135391327
518.3811106634665,-0.1284366161177487
543.204238678526,-0.12889528055704746
528.0508636224481,-0.1286178114736678
400.30849274237255,-0.12590744395244405
513.3663627426923,-0.12834133093565822
540.0647712438613,-0.12883842713530508
587.578743188451,-0.1296659366406828
551.606371110431,-0.12904585703998453
553.2407775960414,-0.12907488457731553
504.6488006723905,-0.12817348247070237
484.8148567364192,-0.12778069161667982
485.6450826042025,-0.1277974486388496
462.1355617395034,-0.12731164856532137
401.20515331971274,-0.12592929701555974
436.8175562415434,-0.12676044070591985
565.8549054748314,-0.1292961101136883
554.6640355360877,-0.1291000932310156
543.9620743848429,-0.1289089558332227
470.3136785667609,-0.12748335006772843
584.6381236651118,-0.12961667265514024
593.0052045432128,-0.1297562104682457
564.32875163659,-0.12926960470218662
439.48404461458983,-0.12681995762930587
452.57483215251625,-0.12710707929639714
538.0891146468205,-0.12880248209592254
570.6042182851846,-0.12937814466545516
432.6772243819888,-0.12666731359903888
403.19849795203015,-0.12597770610853926
407.94834919159695,-0.1260921139376462
587.3771581148388,-0.12966256727513042
575.5441032323615,-0.1294627593200495
412.41184123792584,-0.12619843414849846
501.0132522984708,-0.12810263690435247
477.9838057241641,-0.1276417317983726
509.71318835086686,-0.12827133727543055
593.6126948769354,-0.1297662658151076
565.320258106222,-0.12928683268260194
524.7797377031752,-0.12855688486711372
543.829399107015,-0.12890656304253165
404.1166699632693,-0.125999924961777
506.835494997277,-0.12821585234815097
551.6789035969176,-0.1290471470361771
467.0553917280483,-0.12741529701178345
564.1652002824912,-0.12926676003699739
551.4045587976466,-0.12904226691085835
473.17891559776575,-0.12754281080554067
447.66059270363627,-0.12700026634642686
574.5673416812832,-0.12944608547347206
416.0710469152085,-0.1262847537358068
510.32080629156894,-0.12828301327442046
552.9496541906815,-0.12906972033770908
423.796424780549,-0.12646456203092815
590.7978702918563,-0.12971958831076363
524.8451894108354,-0.1285581076112021
426.9441040164875,-0.12653689967941212
533.4588060276255,-0.12871772571607035
491.7283491023225,-0.12791937646561882
403.5183080844891,-0.12598545085097193
404.31806064310035,-0.12600479176373588
531.4902780510823,-0.12868147237464442
405.6457791714365,-0.12603681770769992
470.28528192143096,-0.127482758981623
426.72451957053335,-0.12653187043452224
505.0987465815031,-0.1281822154982666
565.585154297758,-0.12929143035663376
420.8951747394899,-0.12639741710004038
460.1441663822359,-0.12726938525460846
521.8664530111062,-0.12850230707787702
441.8264113394908,-0.12687194709116056
431.760530297885,-0.1266465759569158
570.8158231830735,-0.12938178400895325
493.4291326314683,-0.12795319951420986
445.55569665400157,-0.12695416155657643
583.4052485238622,-0.1295959456115467
500.441842483369,-0.12809145581719145
407.72222030189494,-0.1260866970894471
518.2140598337888,-0.1284334566511434
579.0009609799836,-0.12952154632993845
407.6758527981296,-0.12608558600433292
415.62543420566806,-0.12627428196002488
536.4663915835328,-0.12877286081169675
467.3906285236701,-0.1274223203833397
436.2200353836021,-0.12674705472683243
475.04188467313816,-0.12758128185936543
459.4875450004141,-0.12725541026258594
572.2926492835757,-0.12940714659895175
489.00826788041,-0.12786504237982116
558.800336186405,-0.1291729945492904
528.381408954492,-0.12862394734914667
425.39137948040167,-0.1265012820429754
470.5998445273834,-0.12748930474902317
551.7397223605526,-0.1290482285739003
564.0606512166326,-0.12926494117827295
537.3746804471643,-0.12878945164308167
501.19571089388074,-0.12810620452233468
410.03704007698076,-0.12614200844903056
513.6877409123277,-0.12834746491280277
459.5867489978418,-0.12725752290139497
423.42475719977085,-0.12645598570754385
503.0671640994299,-0.1281427233354153
458.73933622048736,-0.1272394619794855
561.1288210167022,-0.12921379970992014
463.1505898029171,-0.12733312143596273
424.8491843480787,-0.12648881454547312
522.3970346273461,-0.12851226939550955
563.9871455608693,-0.12926366218815835
436.1493779206961,-0.12674547062603245
425.93946855513116,-0.1265138691597818
466.52047918248314,-0.12740408003846268
536.717011722227,-0.1287774414127582
583.0263580401756,-0.12958956703914837
485.2768323707947,-0.1277900194786927
471.1208819575133,-0.12750013758858414
422.55884638159347,-0.12643597578123875
591.7452379818237,-0.12973532271510635
456.2232792465806,-0.127185642759702
585.9231718827164,-0.12963823098008592
576.8996494056681,-0.1294858530267302
454.5538383677991,-0.1271497711824877
582.5463658128544,-0.12958148055705396
596.2809956805887,-0.12981031235816562
567.7642287137833,-0.12932917107272435
539.1931557250375,-0.12882258500312296
407.3550402719999,-0.1260778950943766
515.214278644987,-0.12837654955118602
535.0470628585017,-0.12874687975349947
401.2858883092683,-0.1259312622949004
422.8989312139628,-0.12644383945706653
419.71099581002335,-0.12636987992909848
407.1041535108749,-0.12607187636980824
467.90959602845953,-0.12743318321158528
473.1231965831945,-0.12754165788691102
544.5757703459803,-0.1289200163183972
555.8831269268355,-0.12912163501552254
489.80396331105476,-0.12788096730855283
427.70675951002926,-0.1265543473503776
402.162042585067,-0.12595256492515644
471.8910932546511,-0.12751612936080253
525.4272435708958,-0.1285689747163295
455.5868369549013,-0.1271719826962102
578.0594648050352,-0.12950556971512292
400.83695557203805,-0.1259203292728586
529.7524664437985,-0.12864935777823058
498.6086242267057,-0.12805549905832553
537.7566525149257,-0.12879642049570933
540.153998743967,-0.12884004747510952
516.8481362030755,-0.12840758490760493
523.8742932484397,-0.12853995424534212
529.0538146031578,-0.12863641746329624
459.1649119949548,-0.12724853639035508
491.76260589161546,-0.1279200588593281
429.9545579183965,-0.12660559359954757
466.15674856824216,-0.127396445459391
425.3575094885608,-0.1265005036787495
488.2719102406029,-0.1278502822476245
419.7796207005442,-0.12637147783720667
426.94832502351267,-0.1265369963301256
550.3574920289395,-0.12902361934068876
594.1906355058157,-0.1297758226270743
564.2605956626187,-0.1292684193573181
561.4797781196842,-0.12921993551155234
574.0944335090285,-0.12943800262586497
409.18853700357295,-0.12612176973925257
538.1074366710145,-0.1288028160439565
502.31820844545945,-0.12812812461037082
555.2765904328575,-0.1291109231286373
531.3446792980615,-0.1286787857013869
476.42858773737123,-0.1276098213779558
546.2946797078387,-0.12895093045908002
530.882558387628,-0.12867025356390144
464.7308796927641,-0.12736646021994688
465.83092756783446,-0.12738960160130586
557.9158829604986,-0.12915745111778135
581.2060815360697,-0.12955886578593234
564.261166672508,-0.1292684292887091
513.5168002567628,-0.12834420272918262
522.1930451160033,-0.12850844042473936
451.12576514413706,-0.12707570258771894
608.2922721731334,-0.13000620825401826
616.4239493793135,-0.13013667555609001
659.4702392225589,-0.13080021596282745
698.5025808343925,-0.13136591840298564
703.5787758068002,-0.13143718451798025
751.3701087787928,-0.13208429141130143
696.5569521781619,-0.131338467562937
707.7949803860123,-0.13149599216914115
653.6280774469765,-0.13071271211320803
754.7900449897131,-0.13212902765805717
740.9408923326894,-0.1319466146859287
629.1672194528556,-0.13033775510467727
708.9937787281888,-0.13151264988163203
763.4192460770051,-0.13224102278787023
600.3033559687025,-0.12987634461636466
783.8371291549875,-0.13250111793184766
761.7182901050759,-0.1322190459727146
610.8402315672098,-0.13004727277069394
681.0326717396757,-0.13111668501719406
751.6415842037934,-0.13208784992509232
618.2374800586986,-0.1301655407537046
754.0272930473603,-0.13211906745213475
650.209044864823,-0.13066114309943708
602.765665429895,-0.1299165515341718
662.0310974034098,-0.13083833154241223
774.0994501762939,-0.132377918760428
685.7801553483239,-0.13118503366079093
744.3118316011877,-0.13199132281530043
650.5142699073373,-0.13066575765256125
656.8748981356969,-0.13076143780232422
680.2645369462076,-0.1311055821379692
651.3724353891206,-0.13067872040964357
746.3485198710105,-0.13201823824426462
788.9220060693449,-0.13256485142808
752.304510933872,-0.13209653427238793
747.4174349116943,-0.13203233526433528
616.5030068345071,-0.1301379356259468
784.1297254511828,-0.13250479636958643
636.022304220928,-0.13044426704842152
609.0066935705012,-0.13001773941659114
687.1387718983731,-0.1312045074686513
734.2465449936026,-0.1318572302869148
664.9246464041316,-0.1308812241455279
677.9826856286203,-0.13107252635734562
675.7543878252422,-0.1310401402226907
683.0395713502552,-0.1311456351855184
746.3559837078557,-0.1320183367476153
703.9239180017667,-0.1314420116199512
790.7801164551571,-0.13258803970295946
708.1365622889268,-0.13150074140206025
750.275336423711,-0.1320699281853834
765.6395538222919,-0.1322696371347605
734.5159504855562,-0.13186084295934755
749.9487043570983,-0.13206563882036731
757.7460353316934,-0.132167534058402
641.700197321511,-0.1305316338701543
660.1878511961156,-0.13081091154634825
762.8172399110102,-0.1322332502367989
722.6233650329549,-0.13170010645857713
749.2312595323461,-0.13205621078397903
769.8599138814765,-0.1323238020930858
696.2166496785394,-0.1313336584650143
633.8319840821326,-0.13041035827983183
653.5084559841652,-0.13071091237049126
643.9887068420365,-0.13056663206909452
620.0262600425534,-0.1301939302687767
733.7485658553211,-0.13185054904211574
720.1855245630659,-0.131666834981842
726.5802605028683,-0.1317538747077748
791.4801824557173,-0.13259676221930247
609.7784460403022,-0.1300301809468416
609.7070380217995,-0.13002903042063102
616.8113146086012,-0.13014284811563234
762.0006295810772,-0.13222269722782068
736.0512865533088,-0.1318814065619065
608.5247184977914,-0.13000996153424457
641.2886237294795,-0.13052532660467184
653.2364687069764,-0.13070681902554165
643.6048981371736,-0.13056077105382793
777.8634417758653,-0.1324257205110596
721.1557995880283,-0.1316800905285074
757.4346794695721,-0.13216348515609008
610.1286122308576,-0.13003582090181143
628.3596624852008,-0.13032513223256417
682.0256838373521,-0.13113102004384825
694.1948795384733,-0.13130503921545775
797.7410517081461,-0.13267443287543265
778.4892609827268,-0.13243364610682903
774.894413266419,-0.13238803368223626
643.1877604245128,-0.13055439716930436
779.3123815006422,-0.1324440608221889
792.9388718920005,-0.1326149124020204
671.8158248252703,-0.13098263837925286
677.2409419363537,-0.13106175751726978
656.8271826301466,-0.1307607234486848
767.5577058546833,-0.13229429153996797
767.6206110563445,-0.13229509904288028
690.0002722113913,-0.13124539892056675
600.9209246037849,-0.12988644412885803
640.6100919484362,-0.1305149195423423
771.4201035151278,-0.13234375168408902
632.3661463444877,-0.1303876007105913
630.6715156762795,-0.13036122609053435
795.4656957398429,-0.13264627528022893
701.3758651835496,-0.13140631978853892
787.942306060454,-0.1325526035452499
742.431587466647,-0.13196641020931044
797.6023226617269,-0.13267271837127712
789.7471487361904,-0.1325751554398531
682.2415766202172,-0.13113413392463555
743.9030545590306,-0.13198591194632833
624.8209027451913,-0.13026962865126307
701.3562840350465,-0.1314060450104225
664.2497221365427,-0.13087123588469893
675.4325564817963,-0.13103545400849023
674.4369473596441,-0.13102094288942587
780.551637693676,-0.13245972031672915
679.9255983710965,-0.1311006790700452
738.6494282490387,-0.13191610862789524
640.4479521892166,-0.1305124310940467
615.2664917282267,-0.13011820895167361
741.285443792521,-0.13195119361116522
793.4472417143375,-0.13262123019951097
787.9587277246567,-0.1325528089673153
700.9039240600746,-0.13139969502932516
604.5005854160902,-0.12994478374351162
771.2474602008521,-0.1323415461166747
748.6616142071634,-0.13204871864942122
709.5165012374312,-0.1315199045858966
770.8867565074852,-0.13233693645070402
653.7495308507979,-0.1307145390855016
714.7196179818264,-0.1315918307379558
721.8201478457582,-0.13168915646304763
724.4276534339037,-0.13172465997982075
750.7379724934561,-0.13207600041446071
723.289480418759,-0.13170917827961368
706.9307028034509,-0.1314839654494228
735.7201749763307,-0.13187697538602805
782.2369874059586,-0.13248097738826312
632.2532942792541,-0.13038584649084525
740.976729034674,-0.1319470910366233
616.4134802837174,-0.13013650868078333
766.8307027160771,-0.13228495438504553
765.3291460391779,-0.13226564166666302
786.4206710559724,-0.1325335507228256
611.9455739084397,-0.13006503462252192
603.4700469332591,-0.12992802353233848
636.2486284329532,-0.13044776424576918
713.2148846677376,-0.13157108307604498
730.6060711144189,-0.13180828353574925
631.507749558837,-0.13037424966200034
730.7238834823941,-0.13180987130840308
752.3189221011587,-0.1320967229749093
722.1998010195831,-0.13169433364818975
667.9103954214638,-0.13092529077844722
685.8371300160604,-0.13118585107517097
735.2193830000873,-0.13187026968129062
621.7926677923361,-0.13022188551412975
684.7319527278385,-0.1311699831460275
685.8864483235944,-0.1311865585897879
761.5051972944233,-0.13221628934052887
708.9057462073691,-0.13151142758597814
786.353420792621,-0.1325327078234601
616.3522530098645,-0.13013553267417474
650.6216940802213,-0.13066738123946836
763.1496529866051,-0.13223754279786928
739.4712281397092,-0.131927059909438
793.951520396178,-0.13262749320608092
706.3600563844672,-0.13147601674986445
796.0008372504411,-0.1326529048186009
732.7831907482489,-0.1318375841169952
685.1548962056052,-0.13117605867364934
738.3418966625306,-0.1319120073774665
645.846304843107,-0.13059495019951792
726.7652647380227,-0.13175638155719543
726.2538916866677,-0.13174945079932845
734.3265270546035,-0.13185830296653478
636.1984470845092,-0.13044698894161302
742.5009325052337,-0.13196733011369288
697.2076696046847,-0.13134765693849165
686.5714983865412,-0.13119638104716067
632.4752153615286,-0.1303892958314923
667.8050612001057,-0.13092373946354038
773.9911255095349,-0.1323765396690533
745.2360860842714,-0.13200354610817208
625.8331639976848,-0.13028553704815812
717.8100339848249,-0.13163430732008233
622.8348781714774,-0.13023834284334723
771.5667430050928,-0.1323456246624751
754.1837192940509,-0.13212111091589798
687.7763135145381,-0.131213632609151
706.4184548181605,-0.13147683048971354
795.8906201853679,-0.13265153976728244
786.8998774495572,-0.1325395549258896
769.9596261198461,-0.13232507827174925
718.2534792873814,-0.1316403874892718
638.0019974732086,-0.13047481605563344
680.6711335849463,-0.13111146076350003
642.6278851418954,-0.13054583583226162
681.9287939354494,-0.13112962225791294
744.4328441779218,-0.13199292406255816
676.3703747571379,-0.13104910352182106
722.8024810786233,-0.13170254665007425
668.8947070868347,-0.13093977561622128
730.6879798708594,-0.1318093874575226
789.4216733672407,-0.13257109231959874
605.7422361878523,-0.12996493998119918
683.6589356758708,-0.13115455276090102
659.1671754399233,-0.13079569552530979
771.3588944112546,-0.13234296977616267
747.4498335002303,-0.13203276223114876
602.8021638268438,-0.12991714629479287
608.9075164866556,-0.13001613944087664
713.6284030297514,-0.13157678907972553
629.3498067674873,-0.1303406068992418
790.7837994981321,-0.13258808561201527
704.6822966002632,-0.1314526099762499
767.7630912062807,-0.132296927793703
798.634970200331,-0.13268547344768994
764.348828101557,-0.13225301281803778
689.524349350474,-0.13123860949982666
662.2055139031845,-0.13084092224601143
664.7493085055288,-0.1308786302677441
612.9251753939103,-0.13008074949140705
746.6709772790969,-0.13202249296201124
679.3745729951249,-0.13109270281374374
682.9537066607814,-0.13114439828024294
685.0194024048234,-0.13117411272607452
600.0250268186153,-0.1298717895620097
625.545261820649,-0.13028101504860218
770.9018384093318,-0.13233712923475047
758.0556675103571,-0.1321715589169992
749.7544214076768,-0.13206308660224367
643.7859487674255,-0.13056353624755276
717.9370738422425,-0.13163604956845432
664.447393771547,-0.13087416228068013
767.0407034166312,-0.1322876523947699
627.0384453815174,-0.13030444580826747
627.8146944098446,-0.13031660482048535
782.8558706161145,-0.1324887719212968
790.3361454498179,-0.1325825040659878
767.8439860331233,-0.13229796593994317
636.9169928243548,-0.1304580847559853
778.0157703319462,-0.13242765023339745
773.6389966168747,-0.13237205536635974
644.9555215139785,-0.13058138070900063
630.7842250978936,-0.13036298242914407
755.9274658607185,-0.1321438619401015
755.0140409916223,-0.13213195076618917
698.3089605282386,-0.13136319000172106
656.9952830128644,-0.13076323986886132
709.1665510937761,-0.1315150483199682
714.7896281321883,-0.1315927950063106
729.7735498933982,-0.1317970563289712
620.7044414198676,-0.1302046724799715
773.9628575760736,-0.1323761797560146
724.2479315486976,-0.13172221695722755
769.4476548471778,-0.13231852401498337
653.3170629401604,-0.13070803212525883
690.4190195717483,-0.13125136886510877
673.7008777901974,-0.13101020098850016
698.9721044390709,-0.13137253159748902
600.2777789208131,-0.12987592611675697
612.4579260009344,-0.13007325692187224
607.7888081642043,-0.12999807403226557
722.4905584860294,-0.13169829678003506
743.519063038636,-0.1319808264817591
790.8776521217685,-0.13258925541182057
655.2857379979725,-0.1307376187299281
614.5119780230488,-0.13010615263168976
607.8222259614482,-0.12999861415324554
688.7079182045372,-0.13122695167425671
728.1001463757107,-0.13177445085557382
774.1871108542814,-0.13237903463714992
680.5359457231848,-0.13110950658506246
609.6400031125319,-0.13002795023296468
762.7113953502928,-0.1322318830429375
693.6850096193202,-0.13129780873971167
628.4413567984184,-0.13032640991886174
780.4295881922606,-0.1324581791645755
611.4509159891487,-0.13005708983405495
738.415651765746,-0.1319129911314472
781.673118294131,-0.1324738704275156
792.9909245255461,-0.1326155594731353
697.1671832048569,-0.13134708544007762
622.2480930814824,-0.1302290803869884
726.8071136821035,-0.13175694853252032
706.0305331087469,-0.13147142383678864
759.5781459535693,-0.1321913257838304
781.8578760598183,-0.13247619965695243
676.1530292168366,-0.13104594182128385
628.2721605262642,-0.13032376353375755
729.8654341302831,-0.13179829608116353
731.9826655598101,-0.13182682031956927
788.1865412825364,-0.1325556582991644
768.4987186593811,-0.13230636433714574
750.0728528323311,-0.1320672693678504
679.6838141034304,-0.13109717995672923
622.1802240592035,-0.1302280085121803
779.0572904027063,-0.1324408343873538
730.5152165000821,-0.1318070589036138
695.3528416047374,-0.13132144084576783
638.1769265540555,-0.13047751091830223
608.8468389855373,-0.13001516043343353
702.5367613433929,-0.1314225968802373
791.2606646480906,-0.1325940279435948
763.8192929047697,-0.13224618447893546
718.1951756531008,-0.13163958828785285
613.0202775090369,-0.1300822738093723
741.4419215107376,-0.1319532724318951
649.8623717466664,-0.13065589931863403
705.1930802566591,-0.13145974184438303
718.9195205055279,-0.13164951275683978
732.1755843751712,-0.13182941535302048
773.5580925985599,-0.13237102478245857
782.5191093041585,-0.13248453133134827
704.1055266782329,-0.13144455063096555
681.5778781854551,-0.13112455811694268
784.2195384047171,-0.1325059252007166
750.8109103037204,-0.1320769574066434
690.178741423729,-0.13124794373510787
746.6231554122547,-0.13202186208304775
754.2839862519527,-0.13212242052648412
690.307835573781,-0.13124978409970206
655.7177337332638,-0.13074409932103345
664.8968341520027,-0.13088081274739954
730.3282805343509,-0.13180453871493186
778.7482802898159,-0.1324369245782391
673.4773327637704,-0.13100693636958435
654.3519608571398,-0.13072359623695598
747.0027077069612,-0.13202686814136624
747.0911006874544,-0.1320280336291676
662.8593893596866,-0.13085062862399297
778.2125139932543,-0.13243014206129444
716.5938490626921,-0.1316176129093342
649.3922561583269,-0.13064878393373727
624.4715344609256,-0.13026413217878113
721.825468631381,-0.13168922903913877
726.6396130851705,-0.13175467901739954
794.7802488420857,-0.13263777726445686
769.1916022354831,-0.13231524441359924
603.4099909368825,-0.1299270459381491
705.8453840637717,-0.13146884229084826
761.9262808141497,-0.13222173586835462
657.5228194644594,-0.13077113283167632
779.0442568665443,-0.13244066950899908
747.5154509088345,-0.13203362691826917
630.179771687632,-0.13035355967203743
615.4004966482947,-0.130120348680835
613.6543484314458,-0.13009243087941902
643.6687094400327,-0.13056174573407683
741.0094002314164,-0.13194752529078407
666.9717213818521,-0.1309114578900614
779.2512457870781,-0.13244328766249594
662.7917371572962,-0.1308496248071674
764.7936907806383,-0.13225874569829943
727.3004815583614,-0.13176363032052463
775.2480374796669,-0.1323925298204653
738.0800704741963,-0.1319085143261618
723.4766355051158,-0.1317117256592203
743.2962633134746,-0.1319778746023914
687.0364027951871,-0.131203041479842
637.8438814938575,-0.1304723795789875
795.6760295026944,-0.13264888150078996
759.0414291430747,-0.13218436187123453
733.445807911274,-0.13184648483605405
727.5562400780866,-0.1317670923525899
720.4662273121806,-0.1316706716529683
782.4239787511053,-0.13248333309513075
751.7802138782178,-0.13208966660053023
782.3172444087188,-0.13248198852975812
663.528034125873,-0.13086054447517467
653.9464727664654,-0.13071750088772685
630.8144685824678,-0.13036345365736116
750.460088944523,-0.13207235355767336
607.6135702092607,-0.12999524123842152
677.1506223138389,-0.13106044543697565
640.5849953794456,-0.13051453441212088
784.5188234687747,-0.13250968590047824
634.97655977888,-0.13042809207695608
602.4545600956134,-0.12991148046588033
698.9107193782044,-0.1313716672440787
681.7218458576654,-0.13112663605678332
733.5676451095942,-0.13184812057105538
640.8458726377809,-0.1305185370896631
689.878948035032,-0.13124366857314165
763.6678414589663,-0.13224423065783533
769.4026329220344,-0.132317947438273
660.1027277939666,-0.1308096434322061
723.4432052557527,-0.1317112706857309
716.8879257830082,-0.13162165222450983
664.3767784487655,-0.13087311696685294
619.8973909729838,-0.13019188770636606
648.6764329285638,-0.13063793989705486
654.3299795424,-0.13072326590657948
676.6240539214072,-0.13105279249532603
752.4605713996409,-0.13209857756740656
798.2142857889961,-0.13268027919675102
686.6462349371038,-0.13119745205734
728.2040460384436,-0.13177585589571
794.0438830986974,-0.13262863990052548
779.231604889755,-0.13244303925896123
749.6501028478805,-0.13206171594120447
645.8536959894102,-0.1305950627131264
700.7283422896401,-0.13139722921881217
755.242424847039,-0.13213493025356016
623.6270321909,-0.13025083341681024
617.1349145184646,-0.13014800166032348
788.2802615162528,-0.1325568302498735
743.0501331027951,-0.131974612601023
758.1210469634964,-0.13217240856636783
670.9843243950099,-0.1309704561893018
768.5393791818304,-0.13230688566544074
648.7862451299418,-0.1306396042134746
610.9830959992186,-0.1300495702567853
664.5061276125073,-0.1308750316302144
767.8931911192833,-0.1322985973499372
753.3527510369404,-0.13211025082101807
724.7100220919478,-0.13172849710765705
696.3983062897477,-0.1313362258944686
628.0610226765964,-0.13032046015725532
601.7601433117334,-0.12990015203080196
658.995730406847,-0.13079313737765536
761.5615709845865,-0.1322170186814969
702.2224933014596,-0.1314181931054383
795.3561573558289,-0.13264491773367768
790.985457934521,-0.13259059895809322
703.9767627184524,-0.1314427504912077
791.7291154681825,-0.13259986197970544
770.1725044949327,-0.13232780227433147
625.8303498747924,-0.1302854928574469
649.8947311442753,-0.1306563889039918
730.6843422462882,-0.13180933843418505
702.6109312548451,-0.13142363592463105
613.9020417251528,-0.13009639582182883
687.2280998228499,-0.1312057865235955
707.9566115983614,-0.13149823971380617
757.1150076802335,-0.13215932640247394
697.3613746291336,-0.13134982631150743
768.5487249990955,-0.132307005488851
712.9335737154805,-0.13156719949190399
600.0907344035497,-0.12987286510130394
794.0661732956451,-0.1326289166163643
708.2244271837907,-0.1315019626785254
712.4627827684766,-0.13156069669253312
627.5316742147991,-0.1303121733671456
712.9153007228292,-0.131566947175303
632.181272497599,-0.13038472679258398
644.5955779873518,-0.13057589236553396
744.3337313270222,-0.13199161261312128
658.4305006355513,-0.13078469887535848
725.1842140261696,-0.13173493761621669
643.7628345168139,-0.13056318326539157
624.6351321836273,-0.13026670637447937
624.7602615754785,-0.13026867482538163
601.5281281833126,-0.12989636415461028
629.2158426426845,-0.13033851462028476
769.5540952126506,-0.13231988701915623
739.8972971047028,-0.13193273296310642
665.3737084620625,-0.13088786431011235
667.2646955466433,-0.1309157774024653
738.3599485964224,-0.13191224816518726
612.7960482729304,-0.1300786794394258
655.0156587909629,-0.13073356498976269
798.224143077631,-0.1326804009370393
710.1151117815447,-0.1315282060385801
641.2928922292599,-0.13052539203889477
646.2973782188303,-0.13060181445226654
796.6041121291087,-0.13266037314369472
665.5631483981236,-0.13089066418299944
617.822683123704,-0.13015894598388952
620.6688846208848,-0.13020410955757647
700.166721399656,-0.13138933790890242
603.7428537906761,-0.12993246308641634
646.3846669388771,-0.13060314223078381
700.4418855977996,-0.13139320500914362
759.8175794648672,-0.13219443087190638
748.0120659088341,-0.13204016873733446
684.5191103658792,-0.13116692429211474
692.3288488111502,-0.1312785514314268
673.1257750346487,-0.13100180010753296
691.8546137963367,-0.13127180856707812
706.4621097483539,-0.13147743874615153
667.9174184197096,-0.13092539420141097
770.5281386398719,-0.1323323513289937
759.7113052607588,-0.13219305277655702
630.257633561884,-0.1303547739524935
714.4618059243539,-0.13158827902003567
726.9103780852454,-0.13175834743516507
778.6758237187428,-0.13243600758599489
730.7892672223529,-0.13181075238454576
668.1249733562074,-0.13092845023862423
629.6722624114807,-0.13034564127547457
650.5782682221661,-0.130666724941821
742.828058607909,-0.13197166849808287
703.5326641459416,-0.1314365394308674
601.4602621525705,-0.12989525590209414
746.7626672782067,-0.132023702449639
741.337334174947,-0.1319518830276302
602.2617910413047,-0.12990833700176305
